[{"household-name":"Jessica","household-age":"24","household-sex":"Male","household-img":"https:\/\/mediaslide-europe.storage.googleapis.com\/milk\/pictures\/1735\/3110\/large-1562343538-1aed088015715cc7f7843fb28f861fb6.jpg","description":"Convenient location walking distance of Oakley Square. Modern amenities, shared off-street parking, respectful roommates, and all utilities and Wi-Fi included. Please contact me on social if interested.","house-img":"https:\/\/wp.zillowstatic.com\/naked-apartments\/wp-content\/uploads\/sites\/1\/2018\/06\/large-7-07c4dc.jpg","lifestyle-cleanliness":"Average","lifestyle-bedtime":"23:00","lifestyle-food":"Almost","lifestyle-occupation":"College","flatmate-expectation":"Age: 25 - 38 <br> Sex: Female <br> Smoking: Outside only <br> Students Only: No","price":"$800\/month","phone-number":"819-346-6698"},{"household-name":"Omny","household-age":"30","household-sex":"Male","household-img":"https:\/\/encrypted-tbn0.gstatic.com\/images?q=tbn%3AANd9GcTIOlgen1CHx683xfV-hVatZcjV7j_3Sc9hg2wbM9Uf1YibE6Qr","description":"Mature male from Colorado looking for female roommate to share 4 bed, 2 bath house, short or long term. Not looking for a relationship, I just prefer a female because my 16yr old daughter attending UC lives with me, my 14yr old daughter occasionally visits on a weekend and neither my ex nor myself want another dude around my daughters. It would be great to find another UC student but older roomies are welcome. I work in quality assurance for the aerospace industry and I'm a part-time photographer. Minimum 1-month stay.","house-img":"http:\/\/www.home4docs.com\/wp-content\/uploads\/2017\/08\/brown3.jpg","lifestyle-cleanliness":"Sparkling clean","lifestyle-bedtime":"01:00","lifestyle-food":"Almost Anything","lifestyle-occupation":"Amazon Warehouse Worker","flatmate-expectation":"Age: 0-100 <br> Sex: Female <br> Smoking: Anywhere <br> Students Only: No","price":"$600\/month","phone-number":"719-346-6699"},{"household-name":"Hot-Rod","household-age":"46","household-sex":"Male","household-img":"https:\/\/upload.wikimedia.org\/wikipedia\/commons\/7\/75\/Luke_Evans_2014_Comic_Con_%28cropped%29.jpg","description":"Still have a room available for Spring session in an all female house. Looking for students or professionals that want to live near Univ of Cincinnati, OTR, Downtown CBD, Walnut Hills or Hyde Park. ,The room is very spacious and furnished with a queen size bed, study desk and chair, and storage shelves and rack. ,Electric & Gas, Water and Wi-Fi are included in the rent.","house-img":"https:\/\/pix10.agoda.net\/hotelImages\/245\/245371\/245371_130110153425401.jpg?s=1024x768","lifestyle-cleanliness":"Average","lifestyle-bedtime":"12:00","lifestyle-food":"Allergic to Seafood","lifestyle-occupation":"Uber Driver","flatmate-expectation":"Age: 0 - 30 <br> Sex: Male or Female <br> Smoking: Outside only <br> Students Only: No","price":"$700\/month","phone-number":"819-346-6690"},{"household-name":"Eric","household-age":"32","household-sex":"Male","household-img":"https:\/\/www.biography.com\/.image\/t_share\/MTUxNjU1MjI3NTc2MDM0NTcy\/gettyimages-689502038.jpg","description":"My girlfriend and I live in the home with our dog. Looking for a roommate to take over a spare room with it's own en suite bathroom. The house is in walking distance to the new brewery and shops that are being built in Madisonville on Madison rd. 10-15 minute drive to Clifton or downtown. Looking for someone that is hospitable and that hopefully shares some of our same interests.","house-img":"https:\/\/media.estatesit.uk\/data\/METROPOLITANCROWN\/PHOTOS\/metro-000509-p-w-4k91350sr.jpg","lifestyle-cleanliness":"Sparlking Clean","lifestyle-bedtime":"23:00","lifestyle-food":"Almost Anything","lifestyle-occupation":"Teacher","flatmate-expectation":"Age: 25 - 40 <br> Sex: Female <br> Smoking: Outside only <br> Students Only: Yes","price":"$600\/month","phone-number":"819-346-6691"},{"household-name":"Lily","household-age":"22","household-sex":"Female","household-img":"http:\/\/images2.fanpop.com\/images\/photos\/6400000\/Himym-how-i-met-your-mother-6418558-1707-2560.jpg","description":"Aspen Pines Apartments Wilder, KY. Right outside the Newport line, 15 minute from downtown Cincinnati, 10 minutes from Northern Kentucky University. Third floor views of downtown Cincinnati.","house-img":"https:\/\/photos.spareroom.com\/images\/flatshare\/listings\/large\/20\/32\/203226640.jpg","lifestyle-cleanliness":"Great","lifestyle-bedtime":"01:00","lifestyle-food":"Allergic to Seafood","lifestyle-occupation":"College Student","flatmate-expectation":"Age: 22 - 30 <br> Sex: Male or Female <br> Smoking: No smoking <br> Students Only: No","price":"$480\/month","phone-number":"819-346-6693"},{"household-name":"Danny","household-age":"29","household-sex":"Male","household-img":"https:\/\/pmctvline2.files.wordpress.com\/2017\/12\/danny-masterson.png?w=616","description":"A whole flat in OTR. Have your own kitchen and bathroom. Perfect location on Main Street next to The Pony and MOTR. Rent included all utilities, parking, and laundry.","house-img":"https:\/\/westernpleasureranch.com\/wp-content\/uploads\/2015\/03\/WesternPleasureGuestRanch_2065.jpg","lifestyle-cleanliness":"Poor","lifestyle-bedtime":"22:00","lifestyle-food":"Almost Anything","lifestyle-occupation":"Rancher","flatmate-expectation":"Age: 23 - 32 <br> Sex: Male or Female <br> Smoking: Outside only <br> Students Only: No","price":"$1,000\/month","phone-number":"819-346-6695"}]